user_id,email,password
1,user_1@gmail.com,123456
2,user_2@gmail.com,123456
3,user_3@gmail.com,123456
4,user_4@gmail.com,123456
5,user_5@gmail.com,123456
6,user_6@gmail.com,123456
7,user_7@gmail.com,123456
8,user_8@gmail.com,123456
9,user_9@gmail.com,123456
10,user_10@gmail.com,123456
11,user_11@gmail.com,123456
12,user_12@gmail.com,123456
13,user_13@gmail.com,123456
14,user_14@gmail.com,123456
15,user_15@gmail.com,123456
16,user_16@gmail.com,123456
17,user_17@gmail.com,123456
18,user_18@gmail.com,123456
19,user_19@gmail.com,123456
20,user_20@gmail.com,123456
21,user_22@gmail.com,123456
22,user_22@gmail.com,123456
23,user_23@gmail.com,123456
24,user_24@gmail.com,123456
25,user_25@gmail.com,123456
26,user_26@gmail.com,123456
27,user_27@gmail.com,123456
28,user_28@gmail.com,123456
29,user_29@gmail.com,123456
30,user_30@gmail.com,123456
31,user_31@gmail.com,123456
32,user_32@gmail.com,123456
33,user_33@gmail.com,123456
34,user_34@gmail.com,123456
35,user_35@gmail.com,123456
36,user_36@gmail.com,123456
37,user_37@gmail.com,123456
38,user_38@gmail.com,123456
39,user_39@gmail.com,123456
40,user_40@gmail.com,123456
41,user_41@gmail.com,123456
42,user_42@gmail.com,123456
43,user_43@gmail.com,123456
44,user_44@gmail.com,123456
45,user_45@gmail.com,123456
46,user_46@gmail.com,123456
47,user_47@gmail.com,123456
48,user_48@gmail.com,123456
49,user_49@gmail.com,123456
50,user_50@gmail.com,123456